int_code,reg_code,name,sei_code,lat,lon,H,date_s,date_e,type
ADZR,ADZR,Андозеро,OBGSR,63.9295,38.2853,51,06.11.2015,,rds
AER.SM,AER,Аэрологическая,KAGSR,53.0858,158.554,80,01.01.1986,,sds
AHMR,AHMR,Ахметовская,OBGSR,44.1576,41.044,640,19.10.2012,09.11.2017,rds
AKAR,АКAR,Акташ,ASGSR,50.3252,87.621,1421,02.01.2001,,rds
AKAR.SM,АКAR,Акташ,ASGSR,50.3252,87.621,1421,02.01.2001,31.12.2012,sds
AKT,AKT,Ахты,DAGSR,41.4793,47.7148,1115,04.06.1974,,rds
AKT.SM,AHT,Ахты,DAGSR,41.4793,47.7148,1115,04.06.1974,17.10.2010,sas
ALDR,ALD,Алдан,YAGSR,58.61,125.41,662,01.10.1999,,rds
ALER,ALER,Александровское,KMGSR,44.7631,42.9136,510,13.10.2012,,rds
ALID,ALD,Алаид,KAGSR,50.8756,155.552,1400,08.08.2001,,lds
ALXA,ALXA,Алексеевка,ASGSR,54.93,82.587,133,28.02.2012,17.01.2019,rds
AMDE,AMDE,Амдерма,FCIAR,69.761,61.678,48,01.11.2010,04.10.2019,rds
AMDE,AMDE1,Амдерма,FCIAR,69.721,61.669,40,05.10.2019,,rds
AMDR,AMD,Амдерма,KOGSR,69.744,61.648,5,22.07.1983,01.05.2004,rds
ANDR,ANDR,Анадырь,NEGSR,64.732,177.487,108,25.12.2017,,rds
ANDR,ANDR,Анадырь,NEGSR,64.734,177.496,70,24.01.2003,24.12.2017,rds
ANN,-,Анапа,OBGSR,44.881,37.314,58,07.03.1968,,wds
APA,APA,Апатиты,KOGSR,67.569,33.405,182,01.07.1956,,wds
APA0,APO,Апатитская группа,KOGSR,67.606,32.992,240,01.10.1992,,rda
APC,APC,Апача,KAGSR,52.9257,157.133,120,24.02.1990,,rds
ARDR,ARDR,Арадан,ASGSR,52.58,93.428,958,06.08.1992,,rds
ARDR.SM,ARDR,Арадан,ASGSR,52.58,93.428,958,10.05.2012,01.01.2021,sds
ARHR,ARH,Архангельск,FCIAR,64.55,40.51,23,01.11.2002,08.11.2014,rds
ARKR,ARKR,Аракани,DAGSR,42.6021,46.9942,760,08.02.1989,,rds
ARNR,AD2,Ардон,NOGSR,43.1801,44.2841,420,28.10.2008,26.11.2017,rds
ARNR,ARNR,Ардон,NOGSR,43.176,44.289,429,27.11.2017,,rds
ARNR,AD2,Ардон,NOGSR,43.189,44.2792,428,24.10.2003,16.10.2008,rds
ARS,AРШ,Аршан,BAGSR,51.92,102.421,946,02.10.1960,,rds
ARS.SM,AРШ,Аршан,BAGSR,51.92,102.421,946,02.10.1960,,sds
ARTI,ARTI,Арти,OBGSR,56.3878,58.3849,350,09.09.2018,,wds
ARTR,ART,Артыбаш,ASGSR,51.798,87.281,511,26.07.1980,,rds
ARU,-,Арти,OBGSR,56.43,58.563,250,01.11.1970,27.09.2009,wds
ARU,-,Арти,OBGSR,56.4293,58.5615,260,27.09.2009,06.09.2018,wds
ARXR,ARXR,Архыз,KMGSR,43.562,41.2747,1501,17.11.2006,03.03.2020,rds
ASAK,ASA,Асача,KAGSR,52.3845,157.901,920,01.12.2008,,lds
ASR1,ASR1,Анжеро-Судженск-1,ASGSR,56.068,85.991,262,22.02.2011,06.05.2019,rds
ATKR,ATK,Артык,YAGSR,64.181,145.133,700,04.07.1988,01.08.2018,rds
AVH,AVH,Авача,KAGSR,53.264,158.74,942,16.01.1963,,rds
AVH.SM,AVH,Авача,KAGSR,53.264,158.74,942,06.09.2011,31.12.2015,sds
BA1R,BA1R,Уфа,OBGSR,54.58913,55.70862,114,06.08.2013,,rds
BALAH,BALAH,Балахонка,ASGSR,55.611,86.017,172,29.12.2014,,rds
BALAH.SM,BALAH,Балахонка,ASGSR,55.611,86.017,172,29.12.2014,,sds
BDR,BDR,Байдарная,KAGSR,56.568,161.208,720,08.10.2005,,lds
BELG,BELG,Белогорное,OBGSR,52.39215,47.62532,121,21.05.2014,,wds
BEYR,BEY,Белый Уголь,KMGSR,44.012,42.818,681,03.05.2003,,rds
BGT,BGT,Большое Голоустное,BAGSR,52.0453,105.407,466,14.06.2011,,rds
BILL,-,Билибино,NEGSR,68.0653,166.4531,320,01.08.1995,,wds
BJR1,BJR1,Бачатский-1,ASGSR,54.238,86.04,363,01.12.2014,,rds
BJR1.SM,BJR1,Бачатский-1,ASGSR,54.238,86.04,363,01.12.2014,,sds
BJR2,BJR2,Бачатский-2,ASGSR,54.281,86.127,301,27.11.2014,,rds
BJR2.SM,BJR2,Бачатский-2,ASGSR,54.281,86.127,301,27.11.2014,,sds
BJR3,BJR3,Бачатский-3,ASGSR,54.225,86.156,226,05.12.2014,,rds
BJR3.SM,BJR3,Бачатский-3,ASGSR,54.225,86.156,226,05.12.2014,,sds
BJR4,BJR4,Бачатский-4,ASGSR,54.301,86.275,221,03.12.2014,,rds
BJR4.SM,BJR4,Бачатский-4,ASGSR,54.301,86.275,221,03.12.2014,,sds
BKI,BKI,Беринг,KAGSR,55.194,165.984,12,20.11.1962,,wds
BKI.SM,BKI,Беринг,KAGSR,55.194,165.984,15,20.11.1962,,sds
BLSR,BLS,Булуус,YAGSR,61.36,129.03,90,27.03.2012,,rds
BMKR,БМН,Бомнак,SAGSR,54.71,128.849,342,23.10.2021,,rds
BMKR,БМН,Бомнак,SAGSR,54.71,128.849,342,01.11.1974,16.10.2015,rds
BMKR.SM,БМН,Бомнак,SAGSR,54.71,128.849,342,01.11.1974,,sds
BOD,БДБ,Бодайбо,BAGSR,57.819,114.005,245,04.11.1960,,rds
BOD.SM,БДБ,Бодайбо,BAGSR,57.819,114.005,245,04.11.1960,,sds
BRBA,BRBA,Баренцбург А,KOGSR,78.059,14.217,58,01.01.2001,,rds
BRBB,BRBB,Баренцбург Б,KOGSR,78.0935,14.208,80,01.01.2001,,rds
BRCR,BRCR,Берчикуль,ASGSR,55.635,88.2994,381,23.09.1999,,rds
BRCR.SM,BRCR,Берчикуль,ASGSR,55.635,88.2994,381,01.01.2013,14.06.2019,sds
BSTK,BST,Быстровка-2,ASGSR,54.568,82.653,121,10.04.2002,,rds
BSTK.SM,BST,Быстровка-2,ASGSR,54.568,82.653,121,30.03.2016,,sds
BT1,BT1,Байтуган-1,OBGSR,54.118,52.348,144,22.07.2014,,lds
BT2,BT2,Байтуган-2,OBGSR,54.242,52.372,325,18.07.2016,,lds
BT3,BT3,Байтуган-3,OBGSR,54.228,52.459,184,30.06.2017,,lds
BTGS,BTG,Батагай,YAGSR,67.656,134.625,127,12.03.1975,,rds
BTKR,BTKR,Батакоюрт,NOGSR,43.3722,44.5422,595,02.12.2005,,rds
BTLR,BTLR,Ботлих,DAGSR,42.6653,46.2192,970,19.11.1994,,rds
BTLR.SM,BTL,Ботлих,DAGSR,42.6653,46.2192,970,19.11.1994,28.06.2010,sas
BTMB,BTM,Бабушкин,BUGSR,51.6997,105.832,550,01.03.1999,28.02.2007,rds
BUJR,BUJR,Буйнакск,DAGSR,42.809,47.13,460,13.09.2000,,rds
BUJR.SM,BUJ,Буйнакск,DAGSR,42.8208,47.1039,480,13.09.2000,31.12.2011,sas
BYAR,БЛР,Белый Яр,ASGSR,61.261,73.235,40,01.04.2000,01.07.2004,rds
BZGR,BZG,Безымянный-Грива,KAGSR,55.9399,160.696,1150,22.08.2007,,rds
BZMR,BZM,Безымянный,KAGSR,55.935,160.49,1450,05.08.2006,,lds
BZP,BZP,Безымянный-Перевал,KAGSR,55.912,160.538,1556,01.09.2016,,lds
BZWR,BZW,Безымянный-Запад,KAGSR,55.965,160.497,1620,22.08.2007,,lds
CERR,CERR,Черёмушки,ASGSR,52.856,91.416,390,05.09.1990,,rds
CERR.SM,CERR,Черёмушки,ASGSR,52.856,91.416,390,01.01.2013,,sds
CGD,CGD,Чагда,YAGSR,58.7516,130.609,195,01.08.1968,,rds
CHBI,CHB,Чибит,ASGSR,50.3132,87.5034,1164,03.10.2003,,rds
CHBI.SM,CHB,Чибит,ASGSR,50.3132,87.5034,1164,03.10.2003,,sds
CIRR,CIR,Цирк,KAGSR,56.115,160.748,1450,16.10.1998,,lds
CIT,ЧТ,Чита,BAGSR,52.021,113.552,759,14.07.1970,,rds
CIT.SM,ЧТ,Чита,BAGSR,52.021,113.552,759,14.07.1970,,sds
CLNS,CHL,Чульман,YAGSR,56.837,124.893,745,01.07.1963,,rds
CRS,ЧР,Чара,BAGSR,56.9,118.269,700,11.11.1960,,rds
CRS.SM,ЧР,Чара,BAGSR,56.9,118.269,700,11.11.1960,,sds
CUR,CUR,Чаган-Узун,ASGSR,50.101,88.358,1740,13.02.2002,,rds
CUR.SM,CUR,Чаган-Узун,ASGSR,50.101,88.358,1740,13.02.2002,,sds
DALK,DAL,Дальний,KAGSR,53.0311,158.754,57,06.10.2009,,rds
DALK.SM,DAL,Дальний,KAGSR,53.0311,158.754,57,06.10.2009,,sds
DBC,DBC,Дубки,DAGSR,43.0216,46.841,850,01.03.1975,,rds
DBC.SM,DBC,Дубки,DAGSR,43.0216,46.841,850,01.03.1975,01.11.2008,sas
DEPR,DEP,Депутатский,YAGSR,69.39,139.9,320,27.08.2003,,rds
DGZ,DGZ,Джазатор,ASGSR,49.7005,87.4316,1606,20.08.2003,,rds
DGZ.SM,DGZ,Джазатор,ASGSR,49.7005,87.4316,1606,01.01.2013,,sds
DIGR,DIGR,Дигорское ущелье,NOGSR,42.89,43.57,1903,14.06.2018,,rds
DIGR,DIG,Дигорское ущелье,NOGSR,42.8994,43.5807,1903,01.07.2004,13.06.2018,rds
DJO,DJO,Джой,ASGSR,52.782,91.218,553,10.01.2012,,rds
DJO.SM,DJO,Джой,ASGSR,52.782,91.218,553,01.01.2013,,sds
DJOS,DJOS,Джойская Сосновка,ASGSR,52.795,91.398,569,03.02.2011,,rds
DJOS.SM,DJOS,Джойская Сосновка,ASGSR,52.795,91.398,569,01.01.2013,,sds
DLMR,DLMR,Дылым,DAGSR,43.073,46.6187,660,08.09.1974,,rds
DLMR.SM,DLM,Дылым,DAGSR,43.073,46.6187,660,08.09.1974,31.12.2011,sas
DOMR,DOMR,Домбай,KMGSR,43.292,41.624,1608,25.10.2006,,rds
DRN,DRN,Дербент,DAGSR,42.0204,48.3318,-20,25.06.1975,01.06.2015,rds
DRN,DRN,Дербент,DAGSR,41.9976,48.3392,-21,05.11.2015,,rds
DVE,DVE,Ведено,OBGSR,42.9569,46.1261,800,01.07.2011,,rds
EKMR,ЭКМ,Экимчан,SAGSR,53.073,132.949,530,01.12.1979,,rds
EKMR.SM,ЭКМ,Экимчан,SAGSR,53.073,132.949,530,01.12.1979,21.09.2015,sds
ELDR,ELDR,Еланда (Эланда),ASGSR,51.2173,86.0896,472,04.10.2002,,rds
ELDR.SM,ELDR,Еланда (Эланда),ASGSR,51.2173,86.0896,472,28.07.2017,,sds
ELT,ELT,Ельцовка,ASGSR,53.261,86.239,235,05.07.1962,,rds
ELT.SM,ELT,Ельцовка,ASGSR,53.261,86.239,235,01.01.2013,,sds
ERBR,ERBR,Еремизино-Борисовская,KMGSR,45.7146,40.4835,286,07.10.2009,,rds
ERNS,ERNS,Эрзин,ASGSR,50.265,95.161,1110,03.06.1964,,rds
ERNS.SM,ERNS,Эрзин,ASGSR,50.265,95.161,1110,03.06.1964,,sds
ERU,ERU,Ерунаковская,ASGSR,54.14,87.384,358,20.06.2015,,rds
ERU.SM,ERU,Ерунаковская,ASGSR,54.14,87.384,358,20.06.2015,,sds
ESO,ESO,Эссо,KAGSR,55.9316,158.695,490,24.11.1965,,rds
ESO.SM,ESO,Эссо,KAGSR,55.9316,158.695,490,21.11.2013,,sds
EVEN,EVEN,Эвенск,NEGSR,61.914,159.229,17,23.11.2008,,rds
FFNB,FFN,Фофоново,BUGSR,52.048,106.765,564,01.08.1999,,rds
FRSO,FRSV,Фирсово,SAGSR,47.64,142.558,11,01.11.2008,,lds
GADL,GADL,Гадля,NEGSR,59.667,151.319,27,23.10.2015,,rds
GALT,GATR,Горно-Алтайск,ASGSR,51.959,85.946,303,28.02.2012,,rds
GALT.SM,GATR,Горно-Алтайск,ASGSR,51.959,85.946,303,28.02.2012,,sds
GASM.SM,GASM,Горно-Алтайск (Администрация),ASGSR,51.959,85.96,298,18.10.2017,17.11.2017,sds
GELR,GELR,Геленджик,OBGSR,44.5803,37.9867,70,17.07.2017,10.07.2019,rds
GL1R,GL1R,Геленджик,OBGSR,44.5485,38.0696,60,01.05.2013,16.07.2017,rds
GLDR,GLDR,Гладковский,OBGSR,44.983,37.721,230,07.10.2018,,rds
GLVR.TSU,ГЛВ,Головнино,SAGSR,43.7386,145.519,10,01.10.2011,03.07.2020,tds
GNBR,GNBR,Гуниб,DAGSR,42.3893,46.9638,1210,07.07.1999,,rds
GNBR.SM,GNB,Гуниб,DAGSR,42.3893,46.9638,1210,07.07.1999,19.09.2008,sas
GNL,GNL,Ганалы,KAGSR,53.695,157.942,1200,15.01.1988,,lds
GOF,-,Гофицкое,OBGSR,45.058,43.043,293,11.03.1994,20.07.2016,rds
GOFR,GOFR,Гофицкое,OBGSR,45.0838,43.0485,225,20.07.2016,,rds
GORB,GOR,Горячинск,BUGSR,52.986,108.285,480,24.07.2011,,rds
GOYR,GOYR,Гойтх,OBGSR,44.2471,39.377,300,29.09.2015,,rds
GRL,GRL,Горелый,KAGSR,52.554,158.073,1400,14.08.1980,,lds
GRNR,ГРН,Горный,SAGSR,50.763,136.449,470,01.12.1978,,rds
GRNR.SM,ГРН,Горный,SAGSR,50.757,136.44,512,01.12.1978,13.08.2005,sas
GROC,GRO,Грозный,OBGSR,43.2027,45.7961,198,15.04.2008,,rds
GRPR.TSU,ТМН,Туман,SAGSR,43.9927,145.772,140,01.09.2011,01.02.2016,tds
GRTR,GRT,Горнотаёжное,SAGSR,43.701,132.163,256,23.08.2006,30.09.2022,rds
GRVA,GRV,Грива,IGKR,60.577,50.781,184,03.03.2011,24.12.2018,lds
GRYR,GRYR,Горное,OBGSR,44.1165,41.0936,740,12.11.2017,,rds
GUMR.RT,GUM,Гумбаши,KMGSR,43.776,42.247,2312,01.01.1990,12.07.2004,rdt
GUZR,GUZR,Гузерипль,OBGSR,43.9963,40.1184,822,15.06.2012,,rds
GZL,GZL,Железногорск,ASGSR,56.265,93.542,165,29.08.2002,,rds
GZL.SM,GZL,Железногорск,ASGSR,56.265,93.542,165,01.12.2012,,sds
GZLN,GZLN,Железногорск-2,ASGSR,56.383,93.767,212,24.12.2012,,rds
GZLN.SM,GZLN,Железногорск-2,ASGSR,56.383,93.767,212,24.12.2012,,sds
HABR,HABR,Хабаровск,OBGSR,48.473,135.052,58,01.04.2005,28.10.2019,wds
HMA,ХМН,Ханты-Мансийск,ASGSR,60.991,69.029,40,01.04.2000,31.12.2003,rds
HNZR,HNZR,Хунзах,DAGSR,42.5582,46.7167,1675,06.10.2016,,rds
HRMR,HRM,Хурамша,BUGSR,51.6281,106.955,620,01.04.1997,,rds
IENR,IEN,Иенгра,YAGSR,56.224,124.857,860,10.07.2004,01.06.2017,rds
IN0,IN0,Инта,IGKR,66.013,60.22,71,04.08.2021,,lds
INSR,INS,Институт,KAGSR,53.0665,158.609,165,01.01.1974,31.12.2013,lds
IRK,ИРК,Иркутск,BAGSR,52.243,104.271,467,02.12.1901,,wds
IRK.SM,ИРК,Иркутск,BAGSR,52.243,104.271,467,02.12.1901,,sds
IVK,IVK,Ивановка,BAGSR,51.8009,104.414,470,29.05.2011,,rds
KAB,КБ,Кабанск,BAGSR,52.05,106.654,468,01.01.1951,,rds
KAB.SM,КБ,Кабанск,BAGSR,52.05,106.654,468,01.01.1951,,sds
KAIR,KAIR,Катав-Ивановск,OBGSR,54.6181,58.2826,510,30.07.2020,,rds
KALT1,KALT1,Калтан-1,ASGSR,53.416,87.423,308,15.09.2018,,rds
KALT1.SM,KALT1,Калтан-1,ASGSR,53.416,87.423,308,15.09.2018,,sds
KALT2,KALT2,Калтан-2,ASGSR,53.4,87.324,301,16.09.2018,,rds
KALT2.SM,KALT2,Калтан-2,ASGSR,53.4,87.324,301,16.09.2018,,sds
KALT3,KALT3,Калтан-3,ASGSR,53.513,87.439,331,14.09.2018,,rds
KALT3.SM,KALT3,Калтан-3,ASGSR,53.513,87.439,331,14.09.2018,,sds
KAMR,KAM,Каменское,KAGSR,62.456,166.21,190,24.10.1994,21.06.2010,rds
KANR,KANR,Караман,DAGSR,43.196,47.489,-25,01.12.2013,,rds
KAUR,KAU,Каменск-Уральский,OBGSR,56.4318,61.503,168,02.04.2007,,rds
KBG,KBG,Крутоберегово,KAGSR,56.2584,162.713,30,10.04.1968,,wds
KBG.SM,KBG,Крутоберегово,KAGSR,56.2584,162.713,30,01.09.2009,,sds
KBTC,KBTC,Куба-Таба,KMGSR,43.8166,43.4084,687,10.11.2006,,rds
KBTR,KBT,Крутоберегово,KAGSR,56.208,162.819,360,05.04.1997,,lds
KDTR,KDT,Ходутка,KAGSR,51.809,158.077,22,25.08.2011,,rds
KDTR.SM,KDT,Ходутка,KAGSR,51.809,158.077,22,25.08.2011,,sds
KELR,KEL,Котокель,BUGSR,52.763,108.078,460,03.11.2005,,rds
KEM,KEM,Кемерово,ASGSR,55.343,86.089,133,19.05.2005,,rds
KGUR,-,Краснодар,OBGSR,45.0216,39.0297,66,02.11.2003,31.12.2017,wds
KHAR,KHAR,Харино,ASGSR,54.613,83.59,130,10.09.2011,,rds
KHBR,ХБР,Хабаровск,SAGSR,48.473,135.052,58,11.08.2005,,rds
KHLM.TSU,KHL,Холмск,SAGSR,47.055,142.052,34,10.10.2008,,tds
KHNR,KHN,Хани,YAGSR,56.9211,119.979,690,11.12.2005,,rds
KII,KRY,Карымский,KAGSR,54.036,159.449,900,10.02.1973,,lds
KIRR,KIR,Киришева,KAGSR,55.953,160.342,1470,05.08.2006,,rds
KIV,-,Кисловодск,OBGSR,43.955,42.686,1054,03.02.1994,,wds
KIV0,-,Кисловодская группа,OBGSR,43.956,42.695,1196,28.09.1992,,rda
KIYZ,KIYZ,Кийзас,ASGSR,53.558,87.759,247,26.12.2014,,rds
KIYZ.SM,KIYZ,Кийзас,ASGSR,53.558,87.759,247,26.12.2014,,sds
KLMR,KLM,Климовская,OBGSR,60.854,39.519,157,25.11.2003,,wds
KLNR,KLN,Калининград,OBGSR,54.6044,20.2094,8,10.04.2009,,wds
KLR,-,Кульдур,OBGSR,49.236,131.738,486,15.09.1954,,wds
KLY,KLY,Ключи,KAGSR,56.317,160.857,35,01.01.1946,,wds
KLY.SM,KLY,Ключи,KAGSR,56.317,160.857,35,17.02.2011,,sds
KMGR,KMGR,Комгарон,NOGSR,43.0572,44.8659,739,07.08.2010,,rds
KMKR,KMKR,Кумух,DAGSR,42.1287,47.0977,1898,01.04.1985,,rds
KMNR,KMN,Каменистая,KAGSR,55.756,160.247,1145,27.09.1990,,lds
KMO,КМР,Кумора,BAGSR,55.887,111.203,490,26.09.1966,,rds
KMO.SM,КМР,Кумора,BAGSR,55.887,111.203,490,26.09.1966,,sds
KMSK,KMSK,Каменская,KAGSR,62.467,166.206,45,05.07.2010,,rds
KMSR,KMS,Комсомольская,NOGSR,43.3708,44.2924,352,11.08.2005,26.01.2009,rds
KNGR,KNGR,Кунгуртуг,ASGSR,50.6043,97.5171,1314,04.03.2012,,rds
KNGR.SM,KNGR,Кунгуртуг,ASGSR,50.6043,97.5171,1314,04.03.2012,,sds
KOK,KRK,Коряка,KAGSR,53.296,158.643,1050,30.08.1977,,lds
KOLBA,KOLBA,Колба,FCIAR,73.529,80.701,11,10.10.2020,,rds
KORR,KORR,Кора,NOGSR,43.0861,44.0677,618,03.11.2005,,rds
KOS6,KOS6,Костомукша,IGKRC,64.592,30.417,228,19.06.2014,,lds
KOST,KOST,Костёнково,ASGSR,53.651,86.822,325,31.08.2015,,rds
KOST.SM,KOST,Костёнково,ASGSR,53.651,86.822,325,31.08.2015,,sds
KOTO,KOTO,Котино,ASGSR,54.187,86.923,279,25.02.2016,,rds
KOTO.SM,KOTO,Котино,ASGSR,54.187,86.923,279,25.02.2016,,sds
KOZ,KOZ,Козыревск,KAGSR,56.0579,159.872,60,21.06.2001,,rds
KOZ.SM,KOZ,Козыревск,KAGSR,56.0579,159.872,60,04.12.2013,,sds
KPC,ХПЧ,Хапчеранга,BAGSR,49.704,112.378,1067,25.12.1968,,rds
KPC.SM,ХПЧ,Хапчеранга,BAGSR,49.704,112.378,1067,25.12.1968,,sds
KPT,KPT,Копыто,KAGSR,55.966,160.222,1000,23.10.1997,,lds
KRER,KRE,Корякский ретранслятор,KAGSR,53.304,158.749,1845,15.01.2009,,lds
KRMR,KRM,Карымшина,KAGSR,52.8278,158.131,90,17.01.2000,,rds
KRMR.SM,KRM,Карымшина,KAGSR,52.8278,158.131,90,22.12.2010,,sds
KRNR,KRNR,Каранай,DAGSR,42.8267,46.9053,1250,04.04.1988,,rds
KROS,КРС,Кировский,SAGSR,54.429,126.976,472,01.12.2021,,rds
KROS,КРС,Кировский,SAGSR,54.429,126.976,472,01.04.1974,09.08.2014,rds
KROS.SM,КРС,Кировский,SAGSR,54.429,126.976,472,09.08.2014,,sds
KRS4,KSKV,Корсаков,SAGSR,46.611,142.798,98,25.07.2002,,lds
KRSR,KRS,Крестовский,KAGSR,56.217,160.565,1180,08.04.1988,,lds
KRX,KRX,Арик,KAGSR,53.359,158.649,1410,19.08.2009,,lds
KSMR,KSMR,Касумкент,DAGSR,41.6023,48.1246,930,01.10.1987,,rds
KSMR.SM,KSM,Касумкент,DAGSR,41.6023,48.1246,930,01.10.1987,31.12.2011,sas
KTNR,KTNK,Кайтанак,ASGSR,50.145,85.465,1031,18.05.2001,,rds
KUBR.RT,KUB,Куба-Таба,KMGSR,43.8,43.41,665,01.12.1997,27.06.2009,rdt
KUR,КУР,Курильск,SAGSR,45.231,147.873,40,01.01.1950,,rds
KUR.TSU,КУР,Курильск,SAGSR,45.231,147.873,40,05.09.2010,,tds
KURRC,КУРСЦ,Китовый,SAGSR,45.254,147.889,39,19.07.2020,,rds
KURRC.SM,КУРСЦ,Китовый,SAGSR,45.254,147.889,39,19.07.2020,,sds
KVDA,KVDA,Ковда,KOGSR,66.692,32.872,18,01.07.2018,,rds
KVT,-,Кисловодская телеметрия,KMGSR,43.956,42.695,1196,01.08.2000,27.06.2009,wda
KZL,KZL,Козельский,KAGSR,53.2017,158.8992,992,25.10.2021,,rds
KZLR,KZL,Кызыл,ASGSR,51.705,94.4538,603,15.03.2001,,rds
KZLR.SM,KZL,Кызыл,ASGSR,51.705,94.4538,603,01.01.2012,,sds
KZV,KZV,Кизимен,KAGSR,55.113,160.294,1500,28.09.2009,,lds
LABN,LABN,Лабинск,OBGSR,44.6413,40.7236,290,26.09.2008,,rds
LACR,LAC,Лац,NOGSR,42.8255,44.2958,1287,23.07.2004,29.09.2009,rds
LACR,LAC,Лац,NOGSR,42.827,44.296,1276,29.09.2009,,rds
LAGR.TSU,ЛГН,Лагунное,SAGSR,44.0556,145.786,28,01.10.2011,11.06.2015,tds
LAVR,LAVR,Лаврентия,NEGSR,65.5849,-171.012,18,15.12.2005,,rds
LBGK,LBG,Лебяжка,OBGSR,52.025,53.585,148,27.07.2013,,lds
LGNR,LGN,Логинов,KAGSR,56.083,160.69,2530,01.09.1999,,lds
LOPUX,LOPUX,Лопухинка,OBGSR,59.732,29.388,148,08.12.2014,,rds
LPSR,LPSR,Галичья гора,VMGSR,52.601,38.929,136,08.08.2007,,wds
LSH,LSH,Лешуконское,FCIAR,64.8786,45.7338,60,18.10.2006,,rds
LSN4,LSNR,Лесное,SAGSR,46.96,143.028,32,02.06.2010,,lds
LSNR,LSN,Лескен,NOGSR,43.278,43.826,715,28.12.2006,21.03.2007,rds
LSNR,LSN,Лескен,NOGSR,43.2738,43.8156,694,07.07.2004,25.03.2006,rds
LSNR,LSNR,Лескен,NOGSR,43.268,43.804,721,22.03.2007,,rds
LSTR,LST,Листвянка,BAGSR,51.868,104.832,450,01.03.1999,,rds
LSTR.SM,LST,Листвянка,BAGSR,51.868,104.832,450,01.03.1999,,sds
LUZB,LUZB,Лужба,ASGSR,53.661,88.9,489,01.12.2006,,rds
LVZ,-,Ловозеро,OBGSR,67.898,34.651,630,02.12.1992,,wds
LZRR,LZRR,Лазаревское,OBGSR,43.935,39.3798,180,31.07.2011,17.11.2017,rds
MA2,MA2,Магадан,NEGSR,59.575,150.768,339,22.10.1993,,wds
MAK,-,Махачкала,OBGSR,42.946,47.5035,42,08.12.1951,,wds
MALIN.SM,MALI,Малиновка,ASGSR,53.421,87.276,233,01.11.2010,,sds
MGD,СТК,Стекольный,NEGSR,60.047,150.732,221,26.03.1971,,rds
MHV,-,Михнево,IDG,54.96,37.766,150,13.05.1995,,wds
MHVAR,-,"Михнево, центр. точка 16 элементной группы",IDG,54.96,37.766,150,01.10.2004,,rda
MIHR,MIH,Михайловский перевал,KMGSR,44.5065,38.3077,168,20.11.2007,31.12.2007,rds
MINR,MINR,Мина,ASGSR,54.9775,94.1271,544,29.07.1985,,rds
MINR.SM,MINR,Мина,ASGSR,54.9775,94.1271,544,01.01.2013,21.10.2019,sds
MIPR,MIP,Малая Ипелька,KAGSR,52.276,156.758,370,11.11.1997,,lds
MIR,-,Мирный,OBGSR,-66.551,93.017,34,23.06.1956,21.12.2012,was
MKZ,MKZ,Мыс Козлова,KAGSR,54.556,161.73,520,25.09.1997,,lds
MLK4,MLKV,Мальково,SAGSR,46.771,143.35,7,04.07.2003,,lds
MNDR.TSU,МНД,Менделеево,SAGSR,43.9716,145.693,220,01.10.2011,01.02.2016,tds
MNSR,MNS,Манас,DAGSR,42.7059,47.7171,-20,28.12.1999,11.01.2010,ras
MNSR.SM,MNS,Манас,DAGSR,42.7059,47.7171,-20,28.12.1999,11.01.2010,sas
MOMR,MOM,Мома,YAGSR,66.467,143.217,192,05.03.1983,,rds
MOS,-,Москва,OBGSR,55.738,37.625,124,01.01.1936,,wds
MOY,МНД,Монды,BAGSR,51.668,100.993,1349,01.10.1960,,wds
MOY.SM,МНД,Монды,BAGSR,51.668,100.993,1349,01.10.1960,,sds
MRMR,MRMR,Майрамадаг,NOGSR,43.014,44.4777,632,06.12.2019,,rds
MRNR,MRNR,Марьино,OBGSR,43.937,39.479,360,17.11.2017,,rds
MSHR.TSU,MSH,Мыс Шульца,OBGSR,42.58,131.157,84,01.10.2008,,tds
MTVR,MTV,Мутновский,KAGSR,52.4844,158.193,1390,01.12.2008,,lds
MXMB,MXM,Максимиха,BUGSR,53.263,108.745,510,01.10.1997,,rds
NAGR.RT,NAG,Нагутская,KMGSR,44.447,42.761,583,01.12.1997,21.08.2005,rdt
NBS,NBS,Нижний Бестях,YAGSR,61.934,129.886,90,01.07.2006,31.10.2014,rds
NCHK,NCHK,Начики,KAGSR,53.1202,157.7602,465,04.12.2013,11.10.2015,rds
NCK,NCK,Нальчик,KMGSR,43.4955,43.5956,500,24.07.2006,,wds
NEUR,NEUR,Нейтрино,OBGSR,43.2631,42.7016,1750,19.07.2017,,rds
NEVR.TSU,NEV,Невельск,SAGSR,46.676,141.858,26,10.10.2008,,tds
NEY,NEY,Нейтрино,KMGSR,43.2489,42.7222,1715,05.12.2008,24.07.2020,rds
NGLR,NGL,Ноглики,SAGSR,51.783,143.126,9,18.09.2010,,rds
NGLR.TSU,NGL,Ноглики,SAGSR,51.783,143.126,9,18.09.2010,,tds
NHES,NHES,Новосибирская ГЭС,ASGSR,54.855,82.985,121,28.02.2012,,rds
NIKOL.SM,NIKOL,Николаевка,ASGSR,53.482,87.165,229,05.02.2021,,sds
NIZ,Н-А,Нижнеангарск,BAGSR,55.775,109.542,509,21.10.1961,16.02.2017,rds
NIZ.SM,Н-А,Нижнеангарск,BAGSR,55.775,109.542,509,21.10.1961,16.02.2017,sds
NIZB,NIZB,Нижнеангарск,BAGSR,55.7704,109.5446,495,02.07.2017,,rds
NIZB.SM,NIZB,Нижнеангарск,BAGSR,55.7704,109.5446,495,02.07.2017,,sds
NKL,НКЛ,Николаевск-на-Амуре,SAGSR,53.146,140.681,15,01.07.1970,,rds
NKL.SM,НКЛ,Николаевск-на-Амуре,SAGSR,53.146,140.681,15,01.07.1970,12.08.2016,sds
NLC,NLC,Налычево,KAGSR,53.172,159.348,6,31.03.1984,31.12.2015,lds
NLC.SM,NLC,Налычево,KAGSR,53.172,159.348,6,24.12.2010,,sds
NLYR,НЛТ,Неляты,BAGSR,56.491,115.703,596,08.09.2001,,rds
NLYR.SM,НЛТ,Неляты,BAGSR,56.491,115.703,596,08.09.2001,,sds
NMA2,NMA2,Магадан1,NEGSR,59.5497,150.8,50,17.09.2007,,rds
NVL,-,Новолазаревская,OBGSR,-70.77,11.83,125,01.04.1962,,wds
NVNR,NVNR,Невинномысск,KMGSR,44.6143,41.964,340,19.02.2007,,rds
NVPR,NVPR,Новополтавский,OBGSR,46.877,39.14,28,03.06.2019,,rds
NVS,NVS,Новосибирск,ASGSR,54.841,83.234,168,10.11.1965,,wds
NVS.SM,NVS,Новосибирск,ASGSR,54.841,83.234,168,10.11.1965,,sds
NVSII,NVSII,Новосибирск-2,ASGSR,54.842,83.237,159,01.01.2013,,rds
NYG,NYG,Нерюнгри,YAGSR,56.657,124.723,840,02.11.2001,,rds
OBN,-,Обнинск,OBGSR,55.114,36.569,130,11.01.1964,,wds
OCHR,ОМЧ,Омчак,NEGSR,61.665,147.867,820,01.10.1999,,rds
OGRR,ОНГ,Онгурен,BAGSR,53.644,107.596,505,20.04.1988,,rds
OGRR.SM,ОНГ,Онгурен,BAGSR,53.644,107.596,505,20.04.1988,,sds
OHTR,ОХТ,Охотск,SAGSR,59.359,143.331,40,06.07.2000,02.06.2005,rds
OKH,ОХА,Оха,SAGSR,53.602,142.946,20,01.12.1958,,rds
OKH.TSU,OKH,Оха,SAGSR,53.602,142.946,20,28.11.2009,,tds
OKHR,OKHR,Охотск,NEGSR,59.3605,143.248,8,05.10.2005,23.01.2016,rds
OKHT,ОХТ,Охотск,SAGSR,59.36,143.236,5,15.08.2007,,rds
OLMR,OLM,Олёкминск,YAGSR,60.376,120.463,45,11.06.2010,,rds
OMEGA,OMEGA,Омега,FCIAR,80.7841,47.7322,24,25.08.2015,,rds
OMS,ОМС,Омсукчан,NEGSR,62.515,155.774,527,01.12.1967,,rds
ONOR.SM,ОНОР,Онор,SAGSR,50.191,142.68,188,24.08.2016,,sds
OR2,OR2,Оренбург-2,OBGSR,51.7356,55.034,81,31.08.2007,,lds
OR3,OR3,Оренбург-3,OBGSR,51.9005,54.4098,198,17.07.2008,,lds
ORHR,ОРШ,Орешное,ASGSR,55.302,93.666,444,01.01.2003,31.12.2003,rds
ORL,ОРЛ,Орлик,BAGSR,52.535,99.808,1375,01.02.1967,,wds
ORL.SM,ОРЛ,Орлик,BAGSR,52.535,99.808,1375,01.02.1967,,sds
ORR,ORR,Оренбург,OBGSR,51.6184,54.753,91,26.10.2004,,wds
OSMR,OSMR,Остромысовка,SAGSR,47.247,143.006,30,10.11.2004,02.10.2012,lds
OSSR,OSS,Оссора,KAGSR,59.265,163.082,20,25.01.1973,23.07.2012,rds
OSSR,OSS,Оссора,KAGSR,59.2618,163.0718,35,24.07.2012,,rds
OSSR.SM,OSS,Оссора,KAGSR,59.2618,163.0718,35,03.08.2013,,sds
OZHR,OJD,Ожидаево,SAGSR,47.031,142.395,243,02.06.1999,,lds
PAAN,PAAN,Паанаярви,IGKRC,65.761,31.07,166,02.06.2016,,lds
PALN,PAL,Палана,KAGSR,59.094,159.968,70,13.11.2008,,wds
PAU,PAU,Паужетка,KAGSR,51.468,156.815,130,30.04.1961,,rds
PAU.SM,PAU,Паужетка,KAGSR,51.468,156.815,130,30.10.2007,,sds
PECR,-,Печеры,OBGSR,56.32,44.08,99,20.07.1992,18.01.2007,was
PET,PET,Петропавловск,KAGSR,53.0233,158.65,100,18.03.1951,,wds
PET.SM,PET,Петропавловск,KAGSR,53.0233,158.65,100,18.03.1951,,sds
PITK,PITK,Питкяранта,IGKRC,61.671,31.266,104,03.06.2014,,lds
PLTR,PLTR,Полтавка,OBGSR,44.027,131.325,105,01.02.2018,,wds
POMOR,POMOR,Поморцево,ASGSR,54.407,86.526,215,19.05.2014,,rds
POMOR.SM,POMOR,Поморцево,ASGSR,54.407,86.526,215,19.05.2014,,sds
PR0R,PR0,Верхнечусовские Городки,MIRAS,58.199,57.1407,121,24.10.2003,,rds
PR1R,PR1R,Романово,OBGSR,59.1846,56.7446,144,18.08.2000,,wds
PR2R,PR2,Добрянка,MIRAS,58.5482,56.1868,122,03.12.2001,05.06.2012,rds
PR3R,PR3,Кунгур,MIRAS,57.4437,57.0059,116,03.04.2003,,rds
PR41R,PR41R,Власы,MIRAS,57.9116,55.68,136,21.10.2020,,rds
PR4R,PR4,Власы,MIRAS,57.9137,55.6777,144,31.03.2006,21.10.2020,rds
PR6R,PR6,Екимята,MIRAS,58.1658,56.0925,163,09.11.2006,29.10.2018,rda
PR6R,PR6,Екимята,MIRAS,58.1658,56.0925,163,30.10.2018,,rds
PR7R,PR7R,Сараны,MIRAS,58.552,58.76,440,14.11.2013,,rds
PRGR,PRGR,Пермогорье,FCIAR,61.638,45.627,84,27.11.2003,07.02.2019,rds
PRMR,PRM,Пермилово,FCIAR,63.6165,40.509,52,29.11.2005,19.05.2021,rds
PRTR,PRTR,Притеречная,NOGSR,43.7515,44.282,136,08.08.2005,,rds
PRVR,PRV,Провидения,NEGSR,64.447,-173.175,86,14.06.2006,15.05.2007,rds
PSTR,PSTR,Посьет,OBGSR,42.651,130.804,41,01.12.2016,,wds
PTRZ,PTRZ,Петрозаводск,IGKRC,61.842,34.38,81,20.01.2013,,lds
PUL,-,Пулково,OBGSR,59.773,30.322,89,09.12.1906,,wds
PVDR,PVDR,Провидения,NEGSR,64.428,-173.216,16,01.11.2015,,rds
PXTR,PXTR,Попов Хутор,NOGSR,42.9657,44.6188,680,01.09.2021,,rds
PYA,-,Пятигорск,OBGSR,44.041,43.075,571,16.10.1909,02.10.2008,rds
PYA1,PYA1,Пятигорск,KMGSR,44.0625,43.0958,614,02.10.2008,,rds
PZHG,PZG,Пожег,IGKR,61.977,54.334,137,17.12.2014,,lds
RPOR,RPOR,Красная Поляна,OBGSR,43.6996,40.2662,600,24.02.2010,,rds
RUS,RUS,Русская,KAGSR,52.432,158.513,125,21.12.1987,,rds
RUS.SM,RUS,Русская,KAGSR,52.432,158.513,125,21.12.2010,,sds
SALR,SAL,Салаир,ASGSR,54.4169,85.7029,250,02.03.2005,,rds
SARR,SARR,Саратов,OBGSR,51.3885,45.2865,165,19.11.2005,28.10.2019,wds
SBLV,SBLV,Соболево,KAGSR,54.304,155.961,44,30.11.2018,,rds
SDLR,SDL,Седловина,KAGSR,53.278,158.887,1230,17.12.1991,,lds
SEY,СМЧ,Сеймчан,NEGSR,62.9339,152.384,218,03.04.1969,,wds
SGKR,SGK,Сергокала,DAGSR,42.4576,47.6556,560,10.01.1997,,rds
SHA1,SHA1,Шиджатмаз,KMGSR,43.738,42.6571,2120,13.06.2009,,rds
SHAR.RT,SHA,Шиджатмаз,KMGSR,43.743,42.669,2096,21.09.1995,20.12.2009,rdt
SHIP,SHIP,Среднее Шипицыно,FCIAR,61.6171,45.9044,68,19.08.2019,,rds
SHTK,SHTK,Железногорск-3,ASGSR,56.333,93.605,150,21.12.2012,,rds
SHTK.SM,SHTK,Железногорск-3,ASGSR,56.333,93.605,150,21.12.2012,,sds
SKR,СВК,Северо-Курильск,SAGSR,50.67,156.116,23,01.03.1958,,wds
SKR.SM,СВК,Северо-Курильск,SAGSR,50.67,156.117,22,01.03.1958,31.05.2011,sas
SKR.TSU,СВК,Северо-Курильск,SAGSR,50.67,156.116,23,01.03.2011,,tds
SKZ,СКЗ,Сказка,ASGSR,60.967,72.399,40,01.04.2000,31.12.2004,rds
SLNR,SLN,Солонешенская,ASGSR,49.777,88.467,2057,18.10.2003,01.01.2020,rds
SLNR.SM,SLN,Солонешенская,ASGSR,49.777,88.467,2057,18.10.2003,01.01.2020,sds
SLVR,SLV,Соловки,FCIAR,65.02,35.71,8,26.10.2007,24.06.2016,rds
SMAR,SMA,Сомма,KAGSR,53.266,158.812,2050,06.03.1991,,lds
SMKR,SMK,Семкарок,KAGSR,56.582,161.468,895,18.09.2005,,lds
SNGR,SNG,Синегорье,NEGSR,62.08,150.521,300,02.10.2006,26.09.2014,rds
SNGR,SNG,Синегорье,NEGSR,62.08,150.521,300,26.04.2003,13.10.2004,rds
SOC,-,Сочи,OBGSR,43.57,39.763,180,01.01.1928,,wds
SOKR,-,Соликамск,OBGSR,59.5955,56.7906,-120,15.02.2003,17.11.2014,wds
SOTR,SOT,Столб,YAGSR,72.403,126.812,50,16.08.2013,,rds
SPGR,SPGR,Шапсуг,OBGSR,44.7422,38.073,100,08.09.2015,,rds
SPN,SPN,Шипунский,KAGSR,53.105,160.011,95,11.04.1985,,rds
SPN.SM,SPN,Шипунский,KAGSR,53.105,160.011,95,25.08.1962,,sds
SRDR,SRD,Срединный,KAGSR,56.319,159.693,830,04.01.1992,,lds
SRGR,SRGR,Сергиевский,OBGSR,45.421,39.169,15,04.10.2018,,rds
SRKR,SRK,Сорокина,KAGSR,56.654,161.168,845,18.09.2005,,lds
STDB,STD,Степной Дворец,BUGSR,52.1689,106.366,458,01.08.1999,,rds
STDR,STDR,Ставд-Дурт,NOGSR,43.3689,44.0631,352,04.03.2009,,rds
SUKR,SUKR,Сукко,OBGSR,44.799,37.429,41,15.10.2018,,rds
SUUS,СМН,Сусуман,NEGSR,62.7792,148.167,640,01.06.1998,,rds
SVE,-,Свердловск,OBGSR,56.827,60.632,278,21.10.1906,,wds
SVKR,С-М,Северомуйск,BAGSR,56.159,113.52,850,05.09.2000,,rds
SVKR.SM,С-М,Северомуйск,BAGSR,56.159,113.52,850,05.09.2000,,sds
SVLR.RT,-,Шивелуч,KAGSR,56.577,161.22,840,29.10.1980,27.02.2005,lmt
SVUR,SVUR,Североуральск,OBGSR,60.1985,59.9778,-139,09.06.2007,,wds
SVZ,SVZ,Северная Земля,FCIAR,79.2761,101.657,22,21.11.2016,,rds
SYKR,SYK,Сыктывкар,IGKR,61.6464,50.7325,159,01.03.1996,,lds
SYVR,СУВ,Суво,BAGSR,53.659,110,530,28.05.1984,,rds
SYVR.SM,СУВ,Суво,BAGSR,53.659,110,530,28.05.1984,,sds
TAIL.SM,TAIL,Тайлеп,ASGSR,53.448,87.197,245,29.12.2015,31.12.2020,sds
TASR,TASR,Таштагол,ASGSR,52.762,87.88,529,01.09.1988,,rds
TBGR,TBG,Табага,YAGSR,61.821,129.637,98,24.06.2003,,rds
TDJR,TDJR,Тоджа,ASGSR,52.453,96.093,1000,01.03.2001,,rds
TDJR.SM,TDJR,Тоджа,ASGSR,52.453,96.093,1000,08.04.2021,,sds
TEL,TEL,Тээли,ASGSR,51.024,90.195,992,01.10.1971,,rds
TEL.SM,TEL,Тээли,ASGSR,51.024,90.195,992,05.03.2018,,sds
TERR,TER,Териберка,KOGSR,69.202,35.108,25,01.06.2009,,rds
TEY,ТРН,Терней,SAGSR,45.062,136.601,45,01.02.1982,,rds
TEY.SM,ТРН,Терней,SAGSR,45.062,136.601,44,01.02.1982,09.10.2011,sas
TEY.TSU,ТРН,Терней,SAGSR,45.062,136.601,45,09.10.2011,31.12.2015,tds
TIGL,TIGL,Тигиль,KAGSR,57.7648,158.6707,115,12.08.2012,,rds
TILK,TL1,Тиличики,KAGSR,60.446,166.145,25,04.12.2008,,wds
TILK.SM,TL1,Тиличики,KAGSR,60.446,166.145,25,02.05.2009,,sds
TILR,TIL,Тиличики,KAGSR,60.431,166.06,40,02.05.2006,04.12.2008,rds
TIXI,TIXI,Тикси,YAGSR,71.649,128.867,50,15.08.1995,,wds
TLAR,ТЛА,Талая,NEGSR,61.13,152.398,720,22.09.2000,,rds
TLKV,TLK,Толкаевка,OBGSR,52.554,53.28,154,02.07.2014,,lds
TLTR,TLTR,Тлярата,DAGSR,42.106,46.354,1450,15.04.2019,,rds
TLY,TLY,Талая,OBGSR,51.681,103.644,579,11.11.1982,,wds
TLY.SM,ТАЛ,Талая,BAGSR,51.681,103.644,579,11.11.1982,,sds
TMCR,TMCR,Тамица,OBGSR,64.1643,38.0352,23,28.11.2003,08.03.2015,rds
TMNR,TMNR,Таманский,OBGSR,45.155,36.785,14,11.10.2018,,rds
TNDR,TND,Тында,YAGSR,55.147,124.721,530,20.06.2001,,rds
TONS,TLON,Талон,NEGSR,59.757,148.657,18,04.10.2016,,rds
TPSR,TPS,Туапсе,OBGSR,44.0781,39.0962,80,31.10.2010,28.09.2015,rds
TRCK,TRC,Троицкий,OBGSR,51.644,54.259,69,20.12.2011,,lds
TRG,ТРГ,Тырган,BAGSR,52.76,106.347,593,20.01.1960,,rds
TRG.SM,ТРГ,Тырган,BAGSR,52.76,106.347,593,20.01.1960,,sds
TRKR,TRKR,Терская,NOGSR,43.7224,44.7306,135,12.12.2019,,rds
TRKR,TRKR,Терская,NOGSR,43.7233,44.7321,140,09.08.2005,11.12.2019,rds
TRNR,TRN,Туран,BAGSR,51.637,101.685,875,18.10.2021,,rds
TRTB,TRT,Турунтаево,BUGSR,52.2233,107.649,600,01.08.1999,29.05.2014,rds
TUMD,TUMD,Тумрок-источники,KAGSR,55.203,160.399,478,18.03.2011,,rds
TUMD.SM,TUMD,Тумрок-источники,KAGSR,55.203,160.399,478,18.03.2011,,sds
TUMR,TUM,Тумрок,KAGSR,55.283,160.146,1210,25.07.2003,,lds
TUNR,TUNR,Тюнгур,ASGSR,50.163,86.317,864,01.08.1998,,rds
TUNR.SM,TUNR,Тюнгур,ASGSR,50.163,86.317,864,20.12.2018,,sds
TUP,ТПК,Тупик,BAGSR,54.426,119.954,714,25.11.1961,,rds
TUP.SM,ТПК,Тупик,BAGSR,54.426,119.954,714,25.11.1961,,sds
TYV,ТМС,Тымовское,SAGSR,50.865,142.675,150,01.04.1969,,rds
TYV.TSU,ТМС,Тымовское,SAGSR,50.865,142.675,150,21.09.2010,,tds
UBL,UBL,Усть-Большерецк,KAGSR,52.824,156.282,57,20.12.2018,,rds
UDINA,UDINA,Удина,KAGSR,55.72,160.512,1038,30.09.2021,,rds
UGL,УГЛ,Углегорск,SAGSR,49.077,142.066,31,01.12.1950,,rds
UGL.TSU,УГЛ,Углегорск,SAGSR,49.077,142.066,31,12.09.2010,,tds
UGLR,UGL,Угловая,KAGSR,53.21,158.829,1200,19.08.1992,,lds
UK5.SM,UK5,УК-Дельта,KAGSR,56.231,162.5557,4,05.10.2016,,sds
UKR,UKR,Усть-Кан,ASGSR,50.94,84.769,1057,02.09.1963,,rds
UKT,УКТ,Уакит,BAGSR,55.489,113.627,1140,20.12.1962,,rds
UKT.SM,УКТ,Уакит,BAGSR,55.489,113.627,1140,20.12.1962,,sds
UKTR,UKT,Учкент,DAGSR,43.114,47.081,120,09.08.2000,01.02.2005,ras
ULGR,ULGR,Улаган,ASGSR,50.6234,87.9607,1239,28.07.2002,,rds
ULGR.SM,ULGR,Улаган,ASGSR,50.6234,87.9607,1239,28.07.2002,,sds
UNCR,UNCR,Унцукуль,DAGSR,42.7155,46.7929,780,01.02.1984,,rds
UNCR.SM,UNC,Унцукуль,DAGSR,42.7155,46.7929,780,01.02.1984,31.12.2011,sas
UNR,UNR,Усть-Нера,YAGSR,64.566,143.228,485,21.11.1961,,rds
URKR,URKR,Уркарах,DAGSR,42.1649,47.631,1330,01.02.1998,,rds
URKR.SM,URK,Уркарах,DAGSR,42.1649,47.631,1330,01.02.1998,20.06.2012,sas
USMR,MAY,Усть-Мая,YAGSR,60.42,134.54,170,01.09.2000,07.08.2004,rds
USZ,У-Н,Усть-Нюкжа,YAGSR,56.562,121.592,415,18.07.1964,31.05.2004,ras
UUDB,UUD,Улан-Удэ,BUGSR,51.867,107.663,600,18.10.2006,,rds
UZR,UZR,Узур,BUGSR,53.323,107.741,480,06.07.2011,,rds
VALR,VAL,Валаам,OBGSR,61.3593,30.8835,39,18.06.2006,06.06.2012,rds
VALR,VALR,Валаам,OBGSR,61.3611,30.8874,24,09.06.2012,,rds
VBR,VBR,Сухой Ручей,BUGSR,51.798,106.015,478,22.03.2012,,rds
VCHU,VCHU,Верх-Чумыш,ASGSR,53.955,86.442,351,20.06.2015,,rds
VCHU.SM,VCHU,Верх-Чумыш,ASGSR,53.955,86.442,351,20.06.2015,,sds
VEH,VEH,Верх-База,ASGSR,53.255,90.2987,550,05.03.1967,,rds
VEH.SM,VEH,Верх-База,ASGSR,53.255,90.2987,550,01.01.2013,01.01.2021,sds
VLA,-,Владивосток,OBGSR,43.12,131.893,73,06.12.1929,01.04.2005,was
VLA,VLAR,Владивосток,OBGSR,43.1196,131.8848,50,23.12.2017,,rds
VLA,-,Владивосток,OBGSR,43.1196,131.8848,50,03.07.2005,22.12.2017,wds
VLKR,VLKR,Владикавказ,NOGSR,43.0465,44.6773,680,23.06.2003,,wds
VLKR.SM,VLKG,Владикавказ,NOGSR,43.0465,44.6773,680,26.09.2010,09.04.2019,sds
VOR,-,Воронеж,VMGSR,51.731,39.2,161,20.12.1996,20.08.2008,ras
VORD,VORD,Дивногорье,VMGSR,50.966,39.293,94,20.02.1998,,rds
VORR,VOR,Воронеж,VMGSR,51.6717,39.2082,150,20.08.2008,,rds
VOZR,VOZR,Возрождение,OBGSR,44.553,38.223,92,23.11.2009,11.03.2013,rds
VRH,VRH,Новохоперск,VMGSR,51.2025,41.7215,98,19.06.2008,,wds
VRHR,VRHR,Новохоперск,VMGSR,51.0955,41.6246,137,18.11.2005,19.06.2008,wds
VRSR,-,Сторожевое,VMGSR,51.215,39.19,180,07.08.1999,03.09.2007,wds
VSLR,VSLR,Весёлое,OBGSR,43.4612,40.0324,340,27.10.2014,,rds
VSR,VSR,Сторожевое,VMGSR,51.2162,39.1664,187,03.09.2007,,wds
VTMR,VTM,Витим,YAGSR,59.44,112.55,188,16.06.2003,,rds
VYBR,VYB,Выборг,OBGSR,60.7247,28.6955,8,14.12.2005,,rds
XNZR,XNZR,Хунзах,DAGSR,42.5451,46.7053,1680,17.01.1992,06.10.2016,rds
YAK,YAK,Якутск,YAGSR,62.031,129.68,91,05.10.1957,,wds
YALR,YALR,Яйлю,ASGSR,51.7694,87.6105,451,19.07.2002,,rds
YALR.SM,YALR,Яйлю,ASGSR,51.7694,87.6105,451,23.07.2017,,sds
YASR,ЯСН,Ясный,SAGSR,53.29,127.98,330,01.12.1974,30.12.2009,ras
YBGR,BGR,Белая гора,YAGSR,68.532,146.1927,36,12.08.2011,,rds
YCRN,CRN,Чернышевский,YAGSR,63.0212,112.4862,319,14.07.2011,,rds
YKLR,YKL,Юктали,YAGSR,56.5915,121.654,417,04.07.2004,,rds
YKUG,YKUG,Юлия Кугаенко,KAGSR,55.66,160.232,982,30.09.2021,,rds
YLYR,УЛХ,Улюнхан,BAGSR,54.875,111.163,582,16.07.1989,,rds
YLYR.SM,УЛХ,Улюнхан,BAGSR,54.875,111.163,582,16.07.1989,,sds
YOA,УН,Уоян,BAGSR,56.134,111.724,503,21.01.1980,04.08.2018,rds
YOA.SM,УН,Уоян,BAGSR,56.134,111.724,503,21.01.1980,04.08.2018,sds
YOAB,YOA,Уоян,BAGSR,56.1405,111.7224,524,05.08.2018,,rds
YOAB.SM,YOA,Уоян,BAGSR,56.1405,111.7224,524,05.08.2018,,sds
YSS,ЮСХ,Южно-Сахалинск,SAGSR,46.9587,142.76,110,01.03.1957,,wds
YSS.TSU,ЮСХ,Южно-Сахалинск,SAGSR,46.9587,142.76,110,10.10.2008,,tds
YUK,ЮКР,Южно-Курильск,SAGSR,44.035,145.861,23,01.10.1960,,wds
YUK.TSU,ЮКР,Южно-Курильск,SAGSR,44.035,145.861,23,20.08.2010,,tds
YUKRC,ЮКРСЦ,Южно-Курильск,SAGSR,44.033,145.861,39,06.07.2020,,rds
YVAM,VAM,Верхняя Амга,YAGSR,59.6409,127.1227,275,17.06.2011,01.07.2013,rds
ZAK,ЗКМ,Закаменск,BAGSR,50.382,103.281,1200,11.12.1960,,wds
ZAK.SM,ЗКМ,Закаменск,BAGSR,50.382,103.281,1200,11.12.1960,,sds
ZEA,ЗЕЯ,Зея,SAGSR,53.757,127.286,273,01.06.1976,,rds
ZEA.SM,ЗЕЯ,Зея,SAGSR,53.757,127.286,273,01.06.1976,31.12.2015,sds
ZEI,-,Цей,OBGSR,42.7881,43.9014,1926,17.10.1988,,rds
ZFI,ZFI,Земля Франца-Иосифа,FCIAR,80.807,47.659,17,03.09.2011,07.09.2017,rds
ZFI2,ZFI2,Земля Франца-Иосифа,FCIAR,80.809,47.655,18,22.09.2011,,rds
ZGR4,ZGR,Загорское,SAGSR,47.304,142.49,112,05.06.2001,13.05.2021,lds
ZLN,ZLN,Зелёная,KAGSR,56.017,160.803,1050,30.10.1988,,lds
ZRHB,ZRH,Заречье,BUGSR,52.545,107.159,480,01.12.1999,,rds
-,001,001,YAGSR,56.772,124.836,732,19.04.2022,,rds
-,002,002,YAGSR,56.753,124.891,732,20.04.2022,,rds
-,003,003,YAGSR,56.7421,124.8354,836,20.04.2022,,rds
-,ABD1,Истобное,VMGSR,51.264,38.664,225,19.11.2014,,lds
-,ADM,Администрация-ПК,KAGSR,53.0228,158.647,5,01.07.2005,,sds
-,AFR,"Маяк ""Африка""",KAGSR,56.183,163.35,8,01.01.1983,31.12.2007,sas
-,AGYR,Агой,OBGSR,44.14803,39.0372,55,09.08.2012,22.08.2014,rds
-,ALKS,Александровск-Сахалинский,SAGSR,50.892,142.135,7,03.07.2014,05.09.2015,rds
-,AN-2,Угольные Копи,NEGSR,64.7186,177.74,48,26.12.2005,01.06.2006,rds
-,ASR,Анжеро-Судженск,ASGSR,56.103,86.022,211,24.12.2002,21.02.2011,rds
-,AUA1,Осинки,VMGSR,51.2452,39.2595,123,17.09.2009,03.09.2010,lds
-,AUB1,Каменно-Верховка,VMGSR,51.3608,39.1506,104,24.09.2009,,lds
-,AUB2,Осинки,VMGSR,51.2452,39.2595,123,04.09.2010,,lds
-,БЫС,Быстровка,ASGSR,54.55,82.66,120,23.03.2000,31.12.2003,rds
-,BKV,Быков,SAGSR,47.325,142.565,44,13.05.2021,,lds
-,BKV,Быков,SAGSR,47.325,142.553,98,10.11.2015,10.05.2021,lds
-,BP3,Блок Пост 3,SAGSR,53.099,142.551,40,16.06.2003,29.09.2004,rds
-,BRBC,Баренцбург С,KOGSR,78.09,14.373,56,14.08.2007,30.09.2007,rds
-,BSKL,Белые скалы,SAGSR,46.842,142.314,50,02.06.1999,17.11.2009,lds
-,BVNN,Бованенково,OBGSR,70.4822,68.5505,,15.04.2017,,wds
-,CDHR,Цудахар,DAGSR,42.34,47.17,1040,01.07.2004,11.01.2006,ras
-,DCH,Дачная,KAGSR,53.0576,158.639,160,01.01.1971,,sds
-,DOL,Долинск,SAGSR,47.321,142.787,9,10.10.2008,,tds
-,EVN,Эвенск,NEGSR,61.924,159.267,75,05.05.2006,29.08.2007,rds
-,FSTR,Фишт,OBGSR,43.944,39.8705,1760,07.05.2013,31.10.2018,rds
-,GFR,Хибины - Кировский рудник,KOGSR,67.6663,33.7337,340,11.01.2000,15.09.2006,rds
-,GK001,Школа № 3,KAGSR,52.972,158.689,68,09.10.2014,,sds
-,GK002,Интернат,KAGSR,52.988,158.669,40,09.10.2014,,sds
-,GK003,Школа № 40,KAGSR,53.071,158.646,171,09.10.2014,,sds
-,GK004,Больница,KAGSR,53.038,158.661,25,09.10.2014,,sds
-,GK005,МЧС,KAGSR,53.009,158.733,60,22.10.2014,,sds
-,GLVR,Головановский,OBGSR,46.848,40.981,96,06.06.2019,,rds
-,GOLD,Кубака,NEGSR,63.678,159.957,726,14.01.2003,17.04.2005,rds
-,GPN,Жупаново,KAGSR,54.0816,159.989,25,21.11.1982,,sds
-,GRESL,ArGRES,NEGSR,63.038,147.196,796,23.10.2009,31.12.2012,lda
-,GRESR,ArGRES,NEGSR,63.042,147.202,793,23.10.2009,31.12.2012,lda
-,GRESU,ArGRES,NEGSR,63.044,147.204,795,23.10.2009,31.12.2012,lda
-,GRO,Грозный,OBGSR,43.3396,45.6625,150,06.03.2008,15.04.2008,rds
-,HLMS,Холмск,SAGSR,47.032,142.066,60,26.07.2011,,lds
-,HRSV,Харасавэй,OBGSR,71.1935,67.0399,,17.04.2017,,wds
-,ILY,Ильинское,SAGSR,47.986,142.206,11,12.07.2019,,rds
-,ILY,Ильинское,SAGSR,47.986,142.206,11,06.07.2013,,sds
-,IVS,Институт,KAGSR,53.0665,158.609,140,14.12.2007,,rds
-,IVS,Институт,KAGSR,53.0665,158.609,140,07.07.2015,,sds
-,IZL,Излучинск,ASGSR,60.952,76.897,40,01.09.2000,01.07.2004,rds
-,IZM,Красное озеро,OBGSR,60.5425,29.716,41,15.12.2007,,rds
-,KAU1,Макаровка,VMGSR,51.692,35.528,167,01.06.2011,14.02.2020,lds
-,KAU2,Дурнеево,VMGSR,51.759,35.605,196,22.11.2017,14.02.2020,lds
-,KBR,Куберганя,YAGSR,67.775,144.478,50,18.04.2014,01.08.2017,rds
-,KDS1,Полевая Лукашевка,VMGSR,51.6139,35.6816,188,05.07.2011,14.02.2020,lds
-,KDT,Ходутка,KAGSR,51.809,158.078,20,01.01.1985,01.10.2007,sas
-,КГЛ,Когалым,ASGSR,62.27,74.413,40,01.09.2000,31.12.2004,rds
-,KNG,Кангалассы,YAGSR,62.347,129.971,150,04.07.2003,01.12.2005,rds
-,KHLM,Холмск,SAGSR,47.079,142.08,15,29.06.2006,14.07.2011,lds
-,KHU1,Юрьево,VMGSR,51.56,35.683,226,25.05.2017,14.02.2020,lds
-,KHU1,Юрьево,VMGSR,51.56,35.683,226,13.11.2014,12.12.2015,lds
-,KIU1,Мухино,VMGSR,51.841,35.585,171,24.05.2017,14.02.2020,lds
-,KIZ,Кизел,MIRAS,59.0497,57.6555,296,04.12.1999,23.10.2003,rds
-,KKHR,Колхозное,SAGSR,46.658,141.903,24,14.08.2006,,lds
-,KLN,Калинино,SAGSR,46.848,142.01,20,20.05.2003,21.09.2006,lds
-,KLN,Калининград,OBGSR,54.9526,20.1846,6,15.12.2005,10.04.2009,wds
-,KNG,Кангалассы,YAGSR,62.347,129.971,150,01.07.2006,26.02.2009,rds
-,KOLG,Колымская ГЭС,NEGSR,62.059,150.406,480,04.08.2022,,rds
-,KOR,Корсаков,SAGSR,46.646,142.765,34,10.10.2008,,tds
-,KOU1,Гупово,VMGSR,51.713,35.668,168,01.06.2011,14.02.2020,lds
-,KOVD,Ковдор,KOGSR,67.584,30.466,19,16.07.2010,01.10.2013,rds
-,KRO,"Маяк ""Кроноцкий""",KAGSR,54.746,162.109,40,01.01.1983,31.12.2008,sms
-,KRL,"Маяк ""Круглый""",KAGSR,52.071,158.325,30,01.01.1983,01.01.2012,sas
-,KRS,Краснодар,OBGSR,45.0216,39.0297,66,02.09.2003,01.11.2003,rds
-,KSU1,Курчатов,VMGSR,51.6761,35.6062,166,09.08.2011,07.09.2015,lds
-,KSU2,Курчатов,VMGSR,51.68,35.59,152,08.09.2015,10.07.2018,lds
-,KSU4,Курчатов,VMGSR,51.676,35.596,155,11.07.2018,14.02.2020,lds
-,LOT,Лотта,KOGSR,68.548,28.929,240,17.12.2007,04.08.2008,rds
-,МГН,Мегион,ASGSR,61.026,76.111,40,01.09.2000,01.07.2004,rds
-,MNH,Монахово,BUGSR,53.66,109.007,,30.03.2020,31.12.2020,rds
-,MON,Мончегорск,KOGSR,67.9424,32.9217,,01.01.2002,11.08.2004,rds
-,MOZG,Возрождение,OBGSR,44.553,38.223,92,28.09.2008,23.11.2009,rds
-,MPP,Маяк,KAGSR,52.887,158.704,130,18.11.2010,31.12.2020,sds
-,MPT,"Маяк ""Петропавловский""",KAGSR,52.888,158.709,79,01.01.1980,17.11.2010,sas
-,MSN,Мишенная,KAGSR,53.043,158.638,372,01.01.1982,15.08.2012,sas
-,MSN,Мишенная,KAGSR,53.044,158.639,381,16.08.2012,,sds
-,MSV,Москальво,SAGSR,53.584,142.522,1,19.06.2003,06.07.2004,rds
-,NEU,Нейтрино,OBGSR,43.249,42.722,1715,23.01.2013,18.07.2017,rds
-,NIC,Николаевка,KAGSR,53.0456,158.341,25,15.12.2007,,sds
-,NII,НИГТЦ,KAGSR,53.0803,158.641,190,15.12.2007,,sds
-,NKR,Некрасовка,SAGSR,53.682,142.624,,24.06.2004,08.10.2004,rds
-,NOV,Новиково,SAGSR,46.365,143.365,9,27.09.2013,15.05.2020,sds
-,NRM,Нарьян-Мар,FCIAR,67.652,53.037,10,11.08.2011,11.12.2013,rds
-,NSH,Нешкан,NEGSR,67.036,-172.96,1,11.09.2003,03.06.2013,rds
-,NSH1,Нешкан 1 Лагуна,NEGSR,66.826,-173.328,1,21.09.2003,31.12.2003,rds
-,NSH2,Нешкан 2 Дженретлен,NEGSR,67.107,-173.635,1,01.10.2003,31.12.2003,rds
-,NUD2,Желтые Пруды,VMGSR,50.9827,41.2232,185,20.06.2013,28.12.2017,rds
-,NVA,Новоалександровск,SAGSR,47.032,142.72,45,26.10.2010,,rds
-,NVA,Новоалександровск,SAGSR,47.032,142.72,45,26.10.2010,,tds
-,NVZ,Новая Земля,FCIAR,72.3734,52.7153,-3,18.07.2022,,rds
-,NYSH,Ныш,SAGSR,51.541,142.778,12,26.08.2017,,rds
-,ОКТ,Октябрьский,SAGSR,53,128.5,386,12.10.2021,,rds
-,ОКТ,Октябрьский,SAGSR,53,128.5,386,14.01.2010,15.01.2010,rds
-,ОКТ,Октябрьский,SAGSR,53,128.5,386,14.01.2010,,sds
-,OGK,Огоньки,SAGSR,46.777,142.399,34,07.07.2013,,sds
-,OKHA,Оха,SAGSR,53.601,142.95,10,15.06.2003,31.12.2004,rds
-,OKT,Охотское,SAGSR,46.839,143.158,0,05.10.2004,08.12.2004,rds
-,PLT,Пильтун,SAGSR,52.701,143.112,40,14.06.2003,27.08.2004,rds
-,PR5,Пермь,MIRAS,58.1047,56.1265,110,16.03.2004,06.02.2006,rds
-,PRYB,Полуостров Рыбачий,KOGSR,69.7461,32.183,180,01.11.2015,,rds
-,PTG,Горького,KAGSR,53.056,158.631,170,01.01.1966,,sds
-,PTH,Пыть-Ях,ASGSR,60.754,72.851,40,01.09.2000,01.07.2004,rds
-,PTZR,Петрозаводск,IGKRC,61.8424,34.3825,74,09.07.2002,01.01.2009,rds
-,PVDR,Провидения,NEGSR,64.428,-173.216,16,20.12.2010,15.01.2012,rds
-,PVDR,Провидения,NEGSR,64.428,-173.216,16,01.11.2015,02.11.2015,rds
-,PYR,Пирамида,KOGSR,78.656,16.38,400,21.11.2008,31.12.2008,rds
-,PYR,Пирамида,KOGSR,78.656,16.353,80,25.06.2015,,rds
-,RASV,Хибины - Расвумчорр,KOGSR,67.6412,33.7983,420,01.01.2001,15.09.2006,rds
-,РЕЙД,Рейдово,SAGSR,45.283,148.021,1,29.06.2015,,sds
-,RIB,Рыбачий,KAGSR,52.9182,158.533,100,15.12.2007,,sds
-,RP2R,Эсто-Садок,OBGSR,43.683,40.2722,550,12.08.2012,03.05.2014,rds
-,RPO1,Аибга,OBGSR,43.5881,40.1851,680,14.10.2013,20.10.2014,rds
-,RTK,Ростелеком (Ханты-Мансийск),ASGSR,60.966,69.027,40,27.03.2001,31.12.2009,rds
-,SAB,Сабо,SAGSR,53.152,142.95,55,18.06.2003,29.09.2004,rds
-,SBTT,Сабетта,OBGSR,71.2147,71.7935,,08.04.2017,,wds
-,SCH,Школа,KAGSR,52.958,158.674,70,01.10.2007,,sds
-,SHO,Малокурильское,SAGSR,43.87,146.834,30,30.11.2009,,rds
-,SHO,Малокурильское,SAGSR,43.87,146.834,30,30.11.2009,,tds
-,SK2,Плато,SAGSR,50.621,156.135,148,22.11.2010,,rds
-,SK2,Плато,SAGSR,50.621,156.135,148,22.11.2010,,tds
-,SK3,Шумшу,SAGSR,50.689,156.188,6,19.12.2013,24.09.2017,tds
-,SNJ,Сунжа,NOGSR,43.0685,44.8117,671,26.12.2005,20.06.2010,rds
-,SPZ,Звёздный,KAGSR,53.056,158.666,140,13.07.2010,,sds
-,ССН,Соснино,ASGSR,60.71,77.049,40,01.09.2000,01.07.2004,rds
-,СТБ,Столб,YAGSR,72.4,126.825,50,01.02.1985,30.08.2003,ras
-,STR,Старорусское,SAGSR,47.15,142.766,60,17.06.2004,21.09.2004,rds
-,STRD,Стародубское,SAGSR,47.41,142.838,9,22.10.2012,,lds
-,ТНТ,Ташанта,ASGSR,49.715,89.197,2130,24.08.2003,31.03.2007,rds
-,ТАЛ,Талая,BAGSR,51.681,103.644,579,11.11.1982,,rds
-,TRN,Туран,BAGSR,52.2404,93.7105,1014,01.04.2006,30.04.2011,lds
-,TUL,Тулома,KOGSR,68.803,32.574,34,18.10.2007,01.01.2008,rds
-,U35,Булатниково,OBGSR,55.563,37.641,124,12.09.2007,01.08.2008,wds
-,UGL2,Краснополье,SAGSR,48.946,142.217,83,22.04.2021,,rds
-,UGL3,Мыс Хокуй,SAGSR,49.026,142.014,10,22.04.2021,,rds
-,UK1,Администрация-УК,KAGSR,56.263,162.586,5,25.12.2009,,sds
-,UK2,Водозабор,KAGSR,56.232,162.646,2,12.12.2009,,sds
-,UK3,Морской порт,KAGSR,56.222,162.523,4,25.12.2009,04.10.2016,sds
-,UK4,Автодор,KAGSR,56.234,162.52,5,30.01.2011,,sds
-,ULN,Уэлен,NEGSR,66.1602,169.819,13,05.07.2006,05.08.2006,rds
-,UMBA,Умба,KOGSR,66.6793,34.3415,151,10.07.2021,,rds
-,USM,Усть-Мая2,YAGSR,60.3669,134.458,170,08.04.2006,,rds
-,USP,Успенское,SAGSR,46.878,142.603,170,08.06.2004,19.10.2004,rds
-,VAL,Вал,SAGSR,52.349,143.052,8,25.08.2017,,rds
-,VAU7,Архангельское,VMGSR,51.249,39.134,103,19.04.2014,,lds
-,VID,Видяево,KOGSR,69.321,32.802,6,23.05.2006,13.11.2006,rds
-,VIL,Вилючинск,KAGSR,52.931,158.405,40,01.10.2007,,sds
-,VLAR,Владивосток,OBGSR,43.1196,131.8848,50,01.06.2014,22.12.2017,rds
-,VPUM,Манино,VMGSR,52.1451,39.3409,140,18.12.2007,06.06.2008,rds
-,VRH,Новохоперск,VMGSR,51.2025,41.7215,98,13.11.2003,17.11.2005,wds
-,VRKR,Россошь,VMGSR,50.291,39.5199,178,01.11.2004,28.06.2005,rds
-,VSB1,Юдановка,VMGSR,51.276,39.834,105,15.05.2018,,lds
-,VST,Высотная,KAGSR,53.025,158.672,115,28.02.2014,,sds
-,VUS1,Ивановка,VMGSR,51.426,39.863,132,25.08.2021,,lds
-,YBL,Яблочное,SAGSR,47.158,142.093,,02.06.2005,03.11.2005,rds
-,YRKR,Юрковка,DAGSR,44.1754,46.6964,-20,01.11.2011,01.06.2014,ras
-,YSSR,Южно-Сахалинск,SAGSR,46.959,142.76,110,01.01.2013,,lds
-,ZAP,Заполярный,KOGSR,69.42,30.778,,01.01.2002,08.05.2004,rds
-,ZFI3,Земля Франца-Иосифа-3,FCIAR,80.809,47.613,18,25.08.2012,29.04.2015,rds
